EnterpriseCount,BelgianMunicipality,Zipcode,Country
428786,Unknown,,BEL
74323,Antwerpen,2600,BEL
42054,Gent,9000,BEL
41236,Bruxelles,1000,BEL
23776,Liège,4000,BEL
22686,Ixelles,1050,BEL
19297,Charleroi,6010,BEL
18246,Brugge,8000,BEL
17316,Uccle,1180,BEL
15987,Schaerbeek,1030,BEL
15405,Hasselt,3500,BEL
15203,Anderlecht,1070,BEL
15174,Namur,5000,BEL
15072,Leuven,3000,BEL
13344,Kortrijk,8500,BEL
11270,Aalst,9320,BEL
11130,Mechelen,2800,BEL
10702,Mons,7000,BEL
10416,Roeselare,8800,BEL
9929,Molenbeek-Saint-Jean,1080,BEL
9794,Saint-Gilles,1060,BEL
9587,Sint-Niklaas,9100,BEL
9585,Beveren-Kruibeke-Zwijndrecht,2070,BEL
9240,Oostende,8400,BEL
9222,Tournai,7500,BEL
9199,Etterbeek,1040,BEL
8276,Forest,1190,BEL
8243,Woluwe-Saint-Lambert,1200,BEL
8211,Genk,3600,BEL
8097,Knokke-Heist,8300,BEL
7450,Deinze,9850,BEL
7261,La Louvière,7110,BEL
6893,Zaventem,1930,BEL
6769,Woluwe-Saint-Pierre,1150,BEL
6704,Waterloo,1410,BEL
6605,Dilbeek,1703,BEL
6594,Waregem,8790,BEL
6571,Wavre,1300,BEL
6522,Braine-l'Alleud,1420,BEL
6263,Jette,1090,BEL
6184,Mouscron,7700,BEL
6156,Lokeren,9180,BEL
6125,Brasschaat,2930,BEL
6039,Sint-Truiden,3800,BEL
6012,Verviers,4800,BEL
5910,Heist-op-den-Berg,2220,BEL
5783,Grimbergen,1853,BEL
5718,Geel,2440,BEL
5716,Asse,1730,BEL
5542,Tongeren-Borgloon,3840,BEL
5434,Beringen,3582,BEL
5423,Ieper,8900,BEL
5407,Turnhout,2300,BEL
5391,Auderghem,1160,BEL
5388,Bilzen-Hoeselt,3730,BEL
5273,Merelbeke-Melle,9820,BEL
5265,Dendermonde,9200,BEL
5241,Tielt,8700,BEL
5181,Seraing,4102,BEL
5087,Aalter,9910,BEL
5065,Nivelles,1400,BEL
4976,Vilvoorde,1800,BEL
4974,Schoten,2900,BEL
4925,Ottignies-Louvain-la-Neuve,1348,BEL
4918,Lier,2500,BEL
4896,Halle,1500,BEL
4845,Watermael-Boitsfort,1170,BEL
4768,Schilde,2970,BEL
4713,Heusden-Zolder,3550,BEL
4698,Oudenaarde,9700,BEL
4609,Sint-Pieters-Leeuw,1600,BEL
4599,Ninove,9400,BEL
4584,Tienen,3300,BEL
4474,Mol,2400,BEL
4420,Brecht,2960,BEL
4390,Aarschot,3200,BEL
4374,Lochristi,9080,BEL
4353,Maasmechelen,3630,BEL
4341,Evergem,9940,BEL
4316,Wevelgem,8560,BEL
4307,Lommel,3920,BEL
4294,Overijse,3090,BEL
4293,Evere,1140,BEL
4281,Izegem,8870,BEL
4280,Oostkamp,8020,BEL
4240,Pelt,3900,BEL
4223,Saint-Josse-ten-Noode,1210,BEL
4160,Gembloux,5030,BEL
4121,Maldegem,9990,BEL
4105,Lasne,1380,BEL
4102,Herentals,2200,BEL
4092,Kapellen,2950,BEL
4060,Rixensart,1330,BEL
4048,Geraardsbergen,9500,BEL
3985,Temse,9140,BEL
3982,Kontich,2550,BEL
3923,Herstal,4040,BEL
3915,Menen,8930,BEL
3805,Wingene,8750,BEL
3742,Harelbeke,8530,BEL
3740,Zwevegem,8552,BEL
3729,Lievegem,9950,BEL
3725,Zedelgem,8210,BEL
3721,Hoogstraten,2320,BEL
3720,Nazareth-De Pinte,9840,BEL
3636,Diest,3290,BEL
3634,Houthalen-Helchteren,3530,BEL
3607,Tessenderlo-Ham,3945,BEL
3558,Ath,7800,BEL
3550,Pajottegem,1570,BEL
3435,Zottegem,9620,BEL
3410,Binche,7130,BEL
3404,Zoersel,2980,BEL
3351,Oudsbergen,3660,BEL
3339,Maaseik,3680,BEL
3323,Sint-Genesius-Rode,1640,BEL
3321,Wemmel,1780,BEL
3311,Puurs-Sint-Amands,2870,BEL
3303,Beersel,1654,BEL
3299,Mortsel,2640,BEL
3286,Koksijde,8670,BEL
3277,Zonhoven,3520,BEL
3250,Berchem-Sainte-Agathe,1082,BEL
3234,Chaudfontaine,4052,BEL
3224,Soignies,7060,BEL
3214,Lanaken,3620,BEL
3189,Wetteren,9230,BEL
3188,Torhout,8820,BEL
3130,Meise,1860,BEL
3101,Kalmthout,2920,BEL
3067,Herent,3020,BEL
3058,Andenne,5300,BEL
3032,Edegem,2650,BEL
3008,Westerlo,2260,BEL
2981,Ans,4432,BEL
2966,Ronse,9600,BEL
2955,Wuustwezel,2990,BEL
2944,Bornem,2880,BEL
2923,Tervuren,3080,BEL
2923,Châtelet,6200,BEL
2919,Arlon,6700,BEL
2901,Diksmuide,8600,BEL
2899,Koekelberg,1081,BEL
2896,Hamme (Vl.),9220,BEL
2889,Destelbergen,9070,BEL
2887,Nijlen,2560,BEL
2880,Middelkerke,8430,BEL
2865,Poperinge,8970,BEL
2856,Zemst,1980,BEL
2842,Ranst,2520,BEL
2837,Ganshoren,1083,BEL
2826,Willebroek,2830,BEL
2820,Genappe,1474,BEL
2813,Courcelles,6180,BEL
2810,Kruisem,9770,BEL
2798,Herve,4650,BEL
2795,Huy,4500,BEL
2791,Londerzeel,1840,BEL
2748,Machelen (Brab.),1830,BEL
2747,Marche-en-Famenne,6900,BEL
2740,Bree,3960,BEL
2739,Sint-Katelijne-Waver,2860,BEL
2736,Scherpenheuvel-Zichem,3270,BEL
2732,Erpe-Mere,9420,BEL
2722,Balen,2491,BEL
2708,Zele,9240,BEL
2699,Sambreville,5060,BEL
2674,Dilsen-Stokkem,3650,BEL
2673,Tubize,1480,BEL
2668,Kasterlee,2460,BEL
2663,Kortenberg,3070,BEL
2642,Anzegem,8570,BEL
2633,Eeklo,9900,BEL
2624,Fleurus,6220,BEL
2620,Sint-Martens-Latem,9830,BEL
2612,Merchtem,1785,BEL
2603,Grez-Doiceau,1390,BEL
2598,Ciney,5590,BEL
2595,Eupen,4700,BEL
2591,Diepenbeek,3590,BEL
2569,Bastogne,6600,BEL
2530,Aartselaar,2630,BEL
2519,Ternat,1740,BEL
2519,Sprimont,4140,BEL
2504,Oupeye,4680,BEL
2486,Zulte,9870,BEL
2473,Rotselaar,3110,BEL
2472,Saint-Ghislain,7334,BEL
2470,Jabbeke,8490,BEL
2461,Braine-le-Comte,7090,BEL
2456,Beernem,8730,BEL
2445,Putte,2580,BEL
2435,Chaumont-Gistoux,1325,BEL
2424,Malle,2390,BEL
2412,Sint-Gillis-Waas,9170,BEL
2397,Hannut,4280,BEL
2384,Grâce-Hollogne,4460,BEL
2377,Essen,2910,BEL
2376,Blankenberge,8370,BEL
2359,Flémalle,4400,BEL
2355,Peer,3990,BEL
2349,Bonheiden,2820,BEL
2348,Keerbergen,3140,BEL
2334,Jodoigne,1370,BEL
2304,Lebbeke,9280,BEL
2293,Haaltert,9450,BEL
2292,Eghezée,5310,BEL
2289,Lummen,3560,BEL
2284,Wommelgem,2160,BEL
2278,Beerse,2340,BEL
2272,Stekene,9190,BEL
2259,Visé,4600,BEL
2238,Lille,2275,BEL
2238,Kraainem,1950,BEL
2237,Lubbeek,3212,BEL
2218,Riemst,3770,BEL
2217,Walcourt,5650,BEL
2204,Herzele,9552,BEL
2159,Ravels,2380,BEL
2149,Damme,8340,BEL
2133,Veurne,8630,BEL
2130,Zandhoven,2242,BEL
2115,Kortemark,8610,BEL
2111,Lede,9340,BEL
2102,Herk-de-Stad,3540,BEL
2100,Zonnebeke,8980,BEL
2095,Kuurne,8520,BEL
2076,Jemeppe-sur-Sambre,5190,BEL
2061,Haacht,3150,BEL
2043,Libramont-Chevigny,6800,BEL
2035,Ichtegem,8480,BEL
2024,Oosterzele,9860,BEL
2021,Deerlijk,8540,BEL
2017,Brakel,9660,BEL
2014,Wervik,8940,BEL
2014,Staden,8840,BEL
2003,Duffel,2570,BEL
1997,Rumst,2840,BEL
1997,Malmedy,4960,BEL
1981,Oud-Turnhout,2360,BEL
1973,Waasmunster,9250,BEL
1962,Berlare,9290,BEL
1961,Soumagne,4630,BEL
1961,Dinant,5500,BEL
1959,Wezembeek-Oppem,1970,BEL
1958,Tremelo,3120,BEL
1924,Assenede,9968,BEL
1921,Gavere,9890,BEL
1916,Stabroek,2940,BEL
1912,Opwijk,1745,BEL
1912,Boortmeerbeek,3190,BEL
1912,Boechout,2530,BEL
1910,Gerpinnes,6280,BEL
1898,Ham-sur-Heure-Nalinnes,6120,BEL
1892,Nieuwpoort,8620,BEL
1887,Kampenhout,1910,BEL
1886,Manage,7170,BEL
1883,Blégny,4672,BEL
1882,Pont-à-Celles,6230,BEL
1874,Braine-le-Château,1440,BEL
1869,Thuin,6530,BEL
1860,Esneux,4130,BEL
1859,Péruwelz,7600,BEL
1852,Aywaille,4920,BEL
1848,Hamont-Achel,3930,BEL
1836,Seneffe,7180,BEL
1832,Theux,4910,BEL
1832,Durbuy,6941,BEL
1828,Alken,3570,BEL
1815,Lessines,7860,BEL
1809,Laarne,9270,BEL
1808,Bocholt,3950,BEL
1807,Moorslede,8890,BEL
1804,Enghien,7850,BEL
1792,Wijnegem,2110,BEL
1792,Waremme,4300,BEL
1792,Couvin,5660,BEL
1788,De Haan,8420,BEL
1783,Villers-la-Ville,1495,BEL
1782,Affligem,1790,BEL
1777,Mettet,5640,BEL
1766,Profondeville,5170,BEL
1762,Ingelmunster,8770,BEL
1762,Boom,2850,BEL
1761,Ardooie,8850,BEL
1754,Frameries,7080,BEL
1748,Frasnes-lez-Anvaing,7911,BEL
1748,Fléron,4621,BEL
1746,Herselt,2230,BEL
1740,Arendonk,2370,BEL
1737,Buggenhout,9255,BEL
1730,Tielt-Winge,3390,BEL
1724,La Hulpe,1310,BEL
1723,Hooglede,8830,BEL
1719,Leopoldsburg,3970,BEL
1712,Laakdal,2431,BEL
1693,Rochefort,5580,BEL
1693,Gistel,8470,BEL
1691,Comines-Warneton,7780,BEL
1681,Hechtel-Eksel,3940,BEL
1670,Oud-Heverlee,3050,BEL
1668,Denderleeuw,9470,BEL
1662,Bredene,8450,BEL
1660,Mont-Saint-Guibert,1435,BEL
1658,Rijkevorsel,2310,BEL
1653,Wielsbeke,8710,BEL
1644,Hoeilaart,1560,BEL
1643,Landen,3400,BEL
1629,Kinrooi,3640,BEL
1629,Grobbendonk,2280,BEL
1628,Morlanwelz,7140,BEL
1618,Court-Saint-Etienne,1490,BEL
1608,Sankt Vith,4780,BEL
1606,Wanze,4520,BEL
1606,Leuze-en-Hainaut,7900,BEL
1593,Olen,2250,BEL
1589,Saint-Nicolas,4420,BEL
1571,Fontaine-l'Evêque,6140,BEL
1565,Ledegem,8880,BEL
1564,Roosdaal,1760,BEL
1549,Steenokkerzeel,1820,BEL
1545,Bierbeek,3360,BEL
1534,Perwez,1360,BEL
1528,Berlaar,2590,BEL
1514,Houthulst,8650,BEL
1512,Lennik,1750,BEL
1512,Boussu,7301,BEL
1507,Retie,2470,BEL
1501,Beloeil,7972,BEL
1495,Neupré,4120,BEL
1492,Liedekerke,1770,BEL
1485,Chimay,6460,BEL
1476,Lichtervelde,8810,BEL
1476,Holsbeek,3220,BEL
1475,De Panne,8660,BEL
1465,Huldenberg,3040,BEL
1450,Sint-Lievens-Houtem,9520,BEL
1440,Fosses-la-Ville,5070,BEL
1437,Bertem,3060,BEL
1430,Heuvelland,8953,BEL
1415,Spa,4900,BEL
1410,Wichelen,9260,BEL
1407,Awans,4340,BEL
1402,Quaregnon,7390,BEL
1384,Koekelare,8680,BEL
1372,Pittem,8740,BEL
1367,Hulshout,2235,BEL
1360,Chapelle-lez-Herlaimont,7160,BEL
1340,Dour,7370,BEL
1337,Dentergem,8720,BEL
1334,Jalhay,4845,BEL
1327,Avelgem,8580,BEL
1321,Walhain,1457,BEL
1315,Oudenburg,8460,BEL
1308,Welkenraedt,4840,BEL
1298,Waimes,4950,BEL
1296,Philippeville,5600,BEL
1294,Montigny-le-Tilleul,6111,BEL
1289,Halen,3545,BEL
1289,Florennes,5620,BEL
1289,Fernelmont,5380,BEL
1282,Merksplas,2330,BEL
1279,Jurbise,7050,BEL
1277,Bertrix,6880,BEL
1275,Zwalm,9630,BEL
1272,Langemark-Poelkapelle,8920,BEL
1267,Les Bons Villers,6210,BEL
1266,La Bruyère,5080,BEL
1261,Hove,2540,BEL
1257,Vosselaar,2350,BEL
1251,Colfontaine,7340,BEL
1250,Kapelle-op-den-Bos,1880,BEL
1243,Sombreffe,5140,BEL
1242,Wortegem-Petegem,9790,BEL
1241,Boutersem,3370,BEL
1240,Rebecq,1430,BEL
1235,Amay,4540,BEL
1234,Zoutleeuw,3440,BEL
1226,Yvoir,5530,BEL
1224,Meerhout,2450,BEL
1218,Oostrozebeke,8780,BEL
1213,Zelzate,9060,BEL
1209,Dessel,2480,BEL
1208,Anderlues,6150,BEL
1206,Kortenaken,3472,BEL
1202,Assesse,5333,BEL
1198,Begijnendijk,3130,BEL
1185,Ittre,1460,BEL
1184,Beauvechain,1320,BEL
1176,Ecaussinnes,7190,BEL
1171,Virton,6762,BEL
1168,Silly,7830,BEL
1155,Orp-Jauche,1350,BEL
1153,Neufchâteau,6840,BEL
1140,Hamois,5361,BEL
1139,Juprelle,4450,BEL
1139,Chastre,1450,BEL
1137,Sint-Laureins,9980,BEL
1134,Le Roeulx,7070,BEL
1134,Beauraing,5570,BEL
1130,Bernissart,7320,BEL
1128,Aubange,6791,BEL
1122,Vielsalm,6690,BEL
1121,Gesves,5340,BEL
1116,Dison,4820,BEL
1110,Maarkedal,9680,BEL
1110,Herenthout,2270,BEL
1104,Gingelom,3890,BEL
1104,Bassenge,4690,BEL
1098,Stavelot,4970,BEL
1097,Dalhem,4607,BEL
1094,Bekkevoort,3460,BEL
1078,Thimister-Clermont,4890,BEL
1070,Floreffe,5150,BEL
1068,Hemiksem,2620,BEL
1067,Kluisbergen,9690,BEL
1048,Villers-le-Bouillet,4530,BEL
1042,Alveringem,8691,BEL
1039,Quévy,7040,BEL
1038,Zutendaal,3690,BEL
1038,Beyne-Heusay,4610,BEL
1033,Plombières,4850,BEL
1031,Pepinster,4860,BEL
1026,Kaprijke,9970,BEL
1026,Drogenbos,1620,BEL
1022,Schelle,2627,BEL
1020,Aiseau-Presles,6250,BEL
1009,Wellen,3830,BEL
989,Heers,3870,BEL
988,Raeren,4731,BEL
988,Estaimpuis,7730,BEL
987,Beaumont,6500,BEL
986,Trooz,4870,BEL
986,Incourt,1315,BEL
985,As,3665,BEL
981,Niel,2845,BEL
981,Hoegaarden,3320,BEL
977,Nieuwerkerken (Limb.),3850,BEL
965,Linter,3350,BEL
962,Lint,2547,BEL
958,Nandrin,4550,BEL
952,Ramillies,1367,BEL
933,Erquelinnes,6560,BEL
931,Lendelede,8860,BEL
924,Anhée,5537,BEL
921,Geetbets,3450,BEL
910,Estinnes,7120,BEL
889,Vorselaar,2290,BEL
888,Glabbeek,3380,BEL
887,Büllingen,4761,BEL
883,Lierde,9570,BEL
875,Somme-Leuze,5377,BEL
870,Saint-Georges-sur-Meuse,4470,BEL
867,Brunehaut,7620,BEL
858,Bouillon,6830,BEL
852,Havelange,5374,BEL
851,Ellezelles,7890,BEL
846,Braives,4260,BEL
838,Amel,4770,BEL
833,Paliseul,6850,BEL
826,Libin,6890,BEL
823,La Roche-en-Ardenne,6980,BEL
805,Vaux-sur-Sûre,6640,BEL
802,Celles (lez-Tournai),7760,BEL
793,Linkebeek,1630,BEL
782,Houffalize,6660,BEL
780,Habay,6724,BEL
780,Bütgenbach,4750,BEL
776,Aubel,4880,BEL
774,Saint-Hubert,6870,BEL
772,Florenville,6821,BEL
762,Ohey,5350,BEL
761,Ferrières,4190,BEL
759,Pecq,7740,BEL
752,Kelmis,4720,BEL
751,Pepingen,1670,BEL
751,Hotton,6990,BEL
745,Messancy,6780,BEL
742,Farciennes,6240,BEL
735,Chièvres,7950,BEL
729,Limbourg,4830,BEL
725,Remicourt,4350,BEL
725,Gouvy,6670,BEL
724,Nassogne,6950,BEL
721,Quiévrain,7380,BEL
710,Lontzen,4710,BEL
709,Clavier,4560,BEL
698,Houyet,5560,BEL
696,Lo-Reninge,8647,BEL
686,Verlaine,4537,BEL
683,Héron,4218,BEL
673,Lobbes,6540,BEL
667,Léglise,6860,BEL
661,Antoing,7640,BEL
660,Gedinne,5575,BEL
657,Voeren,3798,BEL
622,Marchin,4570,BEL
612,Sivry-Rance,6470,BEL
612,Etalle,6740,BEL
609,Vleteren,8640,BEL
607,Chiny,6810,BEL
605,Manhay,6960,BEL
598,Honnelles,7387,BEL
597,Viroinval,5670,BEL
596,Zuienkerke,8377,BEL
589,Hensies,7350,BEL
588,Engis,4480,BEL
584,Modave,4577,BEL
582,Cerfontaine,5630,BEL
572,Bièvre,5555,BEL
571,Lens (Hainaut),7870,BEL
567,Momignies,6590,BEL
565,Lierneux,4990,BEL
565,Baelen,4837,BEL
553,Comblain-au-Pont,4170,BEL
546,Oreye,4360,BEL
545,Faimes,4317,BEL
531,Olne,4877,BEL
530,Anthisnes,4160,BEL
519,Burg-Reuland,4791,BEL
514,Stoumont,4987,BEL
514,Mont-de-l'Enclus,7750,BEL
513,Crisnée,4367,BEL
511,Hastière,5540,BEL
507,Froidchapelle,6440,BEL
495,Erezée,6997,BEL
492,Flobecq,7880,BEL
489,Geer,4250,BEL
479,Tinlot,4557,BEL
477,Tintigny,6730,BEL
469,Rumes,7618,BEL
469,Burdinne,4210,BEL
457,Wellin,6920,BEL
453,Onhaye,5520,BEL
452,Tenneville,6970,BEL
451,Vresse-sur-Semois,5550,BEL
443,Baarle-Hertog,2387,BEL
433,Rendeux,6987,BEL
433,Hamoir,4180,BEL
430,Merbes-le-Château,6567,BEL
430,Donceel,4357,BEL
424,Sainte-Ode,6680,BEL
424,Attert,6717,BEL
420,Fexhe-le-Haut-Clocher,4347,BEL
417,Brugelette,7940,BEL
406,Ouffet,4590,BEL
402,Wasseiges,4219,BEL
402,Hélécine,1357,BEL
401,Trois-Ponts,4980,BEL
380,Doische,5680,BEL
361,Beveren,9120,BEL
357,Horebeke,9667,BEL
340,Bever,1547,BEL
337,Tellin,6927,BEL
332,Berloz,4257,BEL
325,Spiere-Helkijn,8587,BEL
325,Lincent,4287,BEL
316,Fauvillers,6637,BEL
293,Musson,6750,BEL
271,Saint-Léger (Lux.),6747,BEL
257,Nazareth,9810,BEL
255,Meix-devant-Virton,6769,BEL
213,Herbeumont,6887,BEL
200,Rouvroy,6767,BEL
176,Daverdisse,6929,BEL
175,Martelange,6630,BEL
165,Tongeren,3700,BEL
152,Ham,3945,BEL
133,Merelbeke,9820,BEL
127,Bilzen,3740,BEL
119,Borsbeek,2150,BEL
117,Zwijndrecht,2070,BEL
99,Mesen,8957,BEL
99,Bertogne,6687,BEL
97,Tessenderlo,3980,BEL
90,Gooik,1755,BEL
88,Wachtebeke,9185,BEL
80,LIEGE,4000,BEL
72,Kruibeke,9150,BEL
65,Moerbeke (Waas),9180,BEL
49,Borgloon,3840,BEL
48,Melle,9090,BEL
43,Kortessem,3720,BEL
41,Overpelt,3900,BEL
40,Hoeselt,3730,BEL
39,Ruiselede,8755,BEL
37,Meulebeke,8760,BEL
34,Herne,1540,BEL
32,Puurs,2870,BEL
30,Opglabbeek,3660,BEL
30,Meeuwen-Gruitrode,3670,BEL
28,De Pinte,9840,BEL
27,Herstappe,3717,BEL
24,Neerpelt,3910,BEL
24,Lovendegem,9920,BEL
22,Nevele,9850,BEL
16,Knesselare,9910,BEL
15,Galmaarden,1570,BEL
14,Zomergem,9930,BEL
14,MONS,7000,BEL
13,OUGREE,4000,BEL
12,ANS (LIEGE),4000,BEL
11,Kruishoutem,9770,BEL
9,Waarschoot,9950,BEL
9,TIENEN,3300,BEL
8,FLEMALLE-HAUTE,4400,BEL
7,LA LOUVIERE,7100,BEL
7,CHENEE (CHAUDFONTAINE),4030,BEL
6,Sint-Amands,2890,BEL
6,MALMEDY,4960,BEL
6,GELMEN,****,BEL
6,BUELLINGEN,4760,BEL
5,Zingem,9750,BEL
5,TONGEREN,3700,BEL
5,LOUVAIN-LA-NEUVE,1348,BEL
5,Incomplet/Onvolledig,****,BEL
5,CEROUX-MOUSTY,1341,BEL
5,BINCHE,7130,BEL
5,BEVEREN-LEIE,8791,BEL
4,WIJGMAAL,3018,BEL
4,TOURNAI,7500,BEL
4,ROSIERES,1331,BEL
4,ROCHEFORT,5580,BEL
4,PLAINEVAUX,4122,BEL
4,PETEGEM,9790,BEL
4,KAPELLEN,2950,BEL
4,JEMAPPES,7012,BEL
4,GRIVEGNEE,4030,BEL
4,COMINES,7780,BEL
4,BEVERCE,4960,BEL
4,BERCHEM-ANTWERPEN,2600,BEL
4,BELLEVAUX-LIGNEUVILLE,4960,BEL
4,BEAURAING,5570,BEL
4,BARVAUX-SUR-OURTHE,6940,BEL
3,WERIS,6940,BEL
3,WAIMES,4950,BEL
3,VIELSALM,6690,BEL
3,SART-DAMES-AVELINES,1495,BEL
3,RECOGNE,6800,BEL
3,OOSTENDE,8400,BEL
3,NINOVE,9400,BEL
3,NEUFCHATEAU,6840,BEL
3,LEUVEN,3000,BEL
3,LEDE,9340,BEL
3,LA ROCHE-EN-ARDENNE,6980,BEL
3,IVOZ-RAMET,4400,BEL
3,HOUDENG-GOEGNIES,7110,BEL
3,HONSEM,****,BEL
3,HAINE-SAINT-PIERRE,7100,BEL
3,FOSSES-LA-VILLE,5070,BEL
3,FLORENNES,5621,BEL
3,CHATELINEAU,6200,BEL
3,BUETGENBACH,4750,BEL
3,BRAINE-LE-CHATEAU,1440,BEL
3,BOUILLON,6830,BEL
3,AALTER,9880,BEL
2,ZANDBERGEN,9506,BEL
2,WARZEE,4590,BEL
2,WAREMME,4300,BEL
2,WANDRE (OUPEYE),4020,BEL
2,VRASENE,9120,BEL
2,VORST (KEMPEN),2430,BEL
2,VILVOORDE,1800,BEL
2,VERVIERS,4800,BEL
2,TRIVIERES,7100,BEL
2,THY-LE-CHATEAU,5651,BEL
2,STOUMONT,4987,BEL
2,SOMZEE,5651,BEL
2,SOMME-LEUZE,5377,BEL
2,RUISBROEK (BT.),1601,BEL
2,ROY,6900,BEL
2,ROESELARE,8800,BEL
2,QUIEVRAIN,7380,BEL
2,PETIT-ENGHIEN,7850,BEL
2,ORGEO,6880,BEL
2,OORDEGEM,9340,BEL
2,MOUSCRON,7700,BEL
2,MERELBEKE,9820,BEL
2,MENEN,8930,BEL
2,MELIN,1370,BEL
2,MARKE,8510,BEL
2,MARCHIN,4570,BEL
2,MANDERFELD,4760,BEL
2,MAISIERES,7020,BEL
2,LILLOIS-WITTERZEE,1428,BEL
2,LIERNEUX,4990,BEL
2,LIBRAMONT,6800,BEL
2,JEMELLE,5580,BEL
2,HOUTAIN-SAINT-SIMEON,4682,BEL
2,HOUDENG-AIMERIES,7110,BEL
2,HOTTON,6990,BEL
2,HEUSDEN (O.-VL.),9070,BEL
2,HERVE,4650,BEL
2,HECHTEL,3940,BEL
2,HAVRE,7021,BEL
2,HANZINNE,5621,BEL
2,HANZINELLE,5621,BEL
2,HANNUT,4280,BEL
2,GRAPFONTAINE,6840,BEL
2,GOSSELIES,6041,BEL
2,GOEGNIES-CHAUSSEE,7040,BEL
2,FROIDCHAPELLE,6441,BEL
2,FLOREFFE,5150,BEL
2,FLEMALLE-GRANDE,4400,BEL
2,FESCHAUX,5570,BEL
2,EREZEE,6997,BEL
2,ELSENBORN,4750,BEL
2,DURBUY,6941,BEL
2,DILSEN,3650,BEL
2,DEUX-ACREN,7864,BEL
2,DESTELBERGEN,9070,BEL
2,CHENEE,4032,BEL
2,CHATELET,6200,BEL
2,BOUFFIOULX,6200,BEL
2,BLEHARIES,7620,BEL
2,BIERGES,1301,BEL
2,BERTRIX,6880,BEL
2,BEAUSAINT,6980,BEL
2,BEAUMONT,6500,BEL
2,BARCHON,4671,BEL
2,ANDENNE,5300,BEL
2,ADEGEM,9991,BEL
1,ZINGEM,9750,BEL
1,ZEVERGEM,9840,BEL
1,ZETRUD-LUMAY,1370,BEL
1,ZAVENTEM,1930,BEL
1,XHORIS,4190,BEL
1,Wilsele,3012,BEL
1,Wijtschate,8953,BEL
1,WUUSTWEZEL,2990,BEL
1,WONDELGEM,9032,BEL
1,WILLEMEAU,7506,BEL
1,WIEZE,9280,BEL
1,WIERDE,5100,BEL
1,WERVIK,8940,BEL
1,WERCHTER,3118,BEL
1,WAVREILLE,5580,BEL
1,WAVRE,1300,BEL
1,WAUDREZ,7131,BEL
1,WASSEIGES,4219,BEL
1,WANFERCEE-BAULET,6224,BEL
1,WANCENNES,5570,BEL
1,WAHA,6900,BEL
1,VRESSE-SUR-SEMOIS,5550,BEL
1,VONECHE,5570,BEL
1,VOGENEE,5650,BEL
1,VOEREN,3790,BEL
1,VLIERMAAL,3724,BEL
1,VLAMERTINGE,8908,BEL
1,VISE,4600,BEL
1,VILLERS-SAINTE-GERTRUDE,6941,BEL
1,VILLERS-SAINT-AMAND,7812,BEL
1,VILLERS-LE-GAMBON,5600,BEL
1,VICHTE,8570,BEL
1,VEURNE,8630,BEL
1,VELDEGEM,8210,BEL
1,VAUX-LEZ-ROSIERES,6640,BEL
1,VAULX,7536,BEL
1,Tarcienne,5651,BEL
1,TUBIZE,1480,BEL
1,TROOZ,4870,BEL
1,TRANSINNE,6890,BEL
1,TORHOUT,8820,BEL
1,TISSELT,2830,BEL
1,TILLY,1495,BEL
1,THIMISTER-CLERMONT,4890,BEL
1,THEUX,4910,BEL
1,TERALFENE,1790,BEL
1,TEMSE,9140,BEL
1,TAVIGNY,6662,BEL
1,TARCIENNE,5651,BEL
1,Sart(lez-Spa),4845,BEL
1,SUGNY,5550,BEL
1,STREPY-BRACQUEGNIES,7110,BEL
1,STREE-HAINAUT,6511,BEL
1,STEMBERT,4801,BEL
1,STEENOKKERZEEL,1820,BEL
1,SPRIMONT,4140,BEL
1,SPIERE,8587,BEL
1,SOY (HOTTON),6990,BEL
1,SOVET,5590,BEL
1,SOLRE-SAINT-GERY,6500,BEL
1,SINT-TRUIDEN,3800,BEL
1,SINT-NIKLAAS,9100,BEL
1,SINT-MARTENS-VOEREN,3790,BEL
1,SINT-DENIJS-WESTREM,9051,BEL
1,SINT-AMANDSBERG,9040,BEL
1,SINT-AMANDS,2890,BEL
1,SERAING,4100,BEL
1,SEPTON,6940,BEL
1,SELOIGNES,6596,BEL
1,SCLAYN,5300,BEL
1,SCHUIFERSKAPELLE,8700,BEL
1,SCHOENBERG,4782,BEL
1,SCHERPENHEUVEL,3270,BEL
1,SCHELLEBELLE,9260,BEL
1,SART-LEZ-SPA,4845,BEL
1,SARS-LA-BUISSIERE,6542,BEL
1,SANKT VITH,4780,BEL
1,SAMREE,6982,BEL
1,SAINTE-MARIE-CHEVIGNY,6800,BEL
1,SAINT-VINCENT,6730,BEL
1,SAINT-VAAST,7100,BEL
1,SAINT-SYMPHORIEN,7030,BEL
1,SAINT-PIERRE,6800,BEL
1,SAINT-MAUR,7500,BEL
1,SAINT-HUBERT,6870,BEL
1,SAINT-DENIS-BOVESSE,5081,BEL
1,Rocourt,4000,BEL
1,ROUX,6044,BEL
1,ROUVEROY,7120,BEL
1,ROLY,5600,BEL
1,ROCOURT,4000,BEL
1,ROBERTVILLE,4950,BEL
1,REVES,6210,BEL
1,RECHT,4780,BEL
1,RANSART,6043,BEL
1,RAMSEL,2230,BEL
1,RAMILLIES-OFFUS,1367,BEL
1,QUEVAUCAMPS,7972,BEL
1,QUENAST,1430,BEL
1,POULSEUR,4171,BEL
1,POPUELLES,7760,BEL
1,PONT-A-CELLES,6230,BEL
1,POMMEROEUL,7322,BEL
1,POLLEUR (THEUX),4910,BEL
1,POEDERLEE,2275,BEL
1,PIETREBAIS,1315,BEL
1,PETIT-RECHAIN,4800,BEL
1,PERONNES-LEZ-ANTOING,7640,BEL
1,PEER,3990,BEL
1,PASSENDALE,8980,BEL
1,Ohain,1380,BEL
1,OUTER,9406,BEL
1,OPHASSELT,9500,BEL
1,OOSTMALLE,2390,BEL
1,OOSTAKKER,9041,BEL
1,OLLIGNIES,7866,BEL
1,OIGNIES-EN-THIERACHE,5670,BEL
1,OBOURG,7034,BEL
1,NIVERLEE,5680,BEL
1,NIVELLES,1400,BEL
1,NEUVILLE-LE-CHAUDRON,5600,BEL
1,NEUVILLE-EN-CONDROZ,4121,BEL
1,NEERHEYLISSEM,1357,BEL
1,NAMUR,5000,BEL
1,Merksem,2170,BEL
1,MORLANWELZ,7140,BEL
1,MORHET,6640,BEL
1,MOPERTINGEN,3740,BEL
1,MOORSELE,8560,BEL
1,MONT-LEZ-HOUFFALIZE,6661,BEL
1,MONS (GRACE-HOLLOGNE),4460,BEL
1,MOELINGEN,3790,BEL
1,MEYERODE,4770,BEL
1,MESPELARE,9200,BEL
1,MELSBROEK,1820,BEL
1,MEER,2321,BEL
1,MECHELEN,2800,BEL
1,MEAN,5372,BEL
1,MARIAKERKE,9030,BEL
1,MARCHE-EN-FAMENNE,6900,BEL
1,MARBAIS,1495,BEL
1,MAINVAULT,7812,BEL
1,MACHELEN (VL.),9870,BEL
1,MABOMPRE,6663,BEL
1,MAARKE-KERKEM,9680,BEL
1,Limal,1300,BEL
1,LUINGNE,7700,BEL
1,LONDERZEEL,1840,BEL
1,LOENHOUT,2990,BEL
1,LEUZE-EN-HAINAUT,7900,BEL
1,LEMBEEK,1502,BEL
1,LEGLISE,6860,BEL
1,LE ROEULX,7070,BEL
1,LANAKEN,3620,BEL
1,LABUISSIERE,6567,BEL
1,KUMTICH,3300,BEL
1,KRUISHOUTEM,9770,BEL
1,KRUIBEKE,9150,BEL
1,KIELDRECHT,9130,BEL
1,KESSEL,2560,BEL
1,KAMPENHOUT,1910,BEL
1,KACHTEM,8870,BEL
1,JUSERET,6642,BEL
1,JUPRELLE,4450,BEL
1,JUMET,6040,BEL
1,JAVINGUE-SEVRY,5570,BEL
1,JAMBES,5100,BEL
1,IZIER,6941,BEL
1,IZEL,6810,BEL
1,IZEGEM,8870,BEL
1,INGOOIGEM,8570,BEL
1,HUIZINGEN,1654,BEL
1,HORION-HOZEMONT,4460,BEL
1,HONNELLES,7387,BEL
1,HOMPRE,6640,BEL
1,HOMBOURG,4852,BEL
1,HOEPERTINGEN,3840,BEL
1,HEVILLERS,1435,BEL
1,HEULE,8501,BEL
1,HERZELE,9550,BEL
1,HEPPIGNIES,6220,BEL
1,HAVINNES,7531,BEL
1,HAVAY,7041,BEL
1,HAULCHIN,7120,BEL
1,HASTIERE-PAR-DELA,5541,BEL
1,HASSELT,3500,BEL
1,HANRET,5310,BEL
1,HAN-SUR-LESSE,5580,BEL
1,HAMONT-ACHEL,3930,BEL
1,HAINE-SAINT-PAUL,7100,BEL
1,HAACHT,3150,BEL
1,Givry,7041,BEL
1,Gilly,6060,BEL
1,Ghlin,7011,BEL
1,GUIGOVEN,3723,BEL
1,GROTE-SPOUWEN,3740,BEL
1,GRANDHAN,6940,BEL
1,GRAND-HALLEUX,6698,BEL
1,GRACE-BERLEUR,4460,BEL
1,GOZEE,6534,BEL
1,GOOIK,1755,BEL
1,GLAIN,4000,BEL
1,GILLY,6060,BEL
1,GHOY,7863,BEL
1,GHLIN,7011,BEL
1,GESVES,5340,BEL
1,GEROUVILLE,6769,BEL
1,GERAARDSBERGEN,9500,BEL
1,GENTBRUGGE,9050,BEL
1,GEMMENICH,4851,BEL
1,GEMBLOUX,5030,BEL
1,GEEL,2440,BEL
1,GEDINNE,5575,BEL
1,GALMAARDEN,1570,BEL
1,FRASNES,5660,BEL
1,FRANIERE,5150,BEL
1,FOOZ,4340,BEL
1,FONTAINE-VALMONT,6567,BEL
1,FLOREE,5334,BEL
1,FLEURUS,6220,BEL
1,FLEMALLE,4400,BEL
1,FERRIERES,4190,BEL
1,FERNELMONT,5380,BEL
1,FENEUR,4607,BEL
1,FELUY,7181,BEL
1,FAUVILLERS,6637,BEL
1,FARCIENNES,6240,BEL
1,Ehein,4120,BEL
1,EYNATTEN,4731,BEL
1,EVERBERG,3078,BEL
1,EVEGNEE-TIGNEE,****,BEL
1,ETALLE,6740,BEL
1,ESTAIMPUIS,7730,BEL
1,EPINOIS,7134,BEL
1,ENGHIEN,7850,BEL
1,ECAUSSINNES,7190,BEL
1,DURAS,3803,BEL
1,DOUR,7370,BEL
1,DOISCHE,5680,BEL
1,DION,5570,BEL
1,DILSEN-STOKKEM,3650,BEL
1,DIEST,3290,BEL
1,DHUY,5310,BEL
1,DAMME,8340,BEL
1,Comines,7780,BEL
1,COUVIN,5660,BEL
1,COUILLET,6010,BEL
1,CONNEUX,5590,BEL
1,COMBLAIN-FAIRON,4180,BEL
1,CHAUMONT-GISTOUX,1325,BEL
1,CEREXHE-HEUSEUX,4632,BEL
1,CARLSBOURG,6850,BEL
1,Bonnert,6700,BEL
1,Bellecourt,7170,BEL
1,Battice,4651,BEL
1,Barvaux (lez-Durbuy),6940,BEL
1,BRULY,5660,BEL
1,BRUGGE,8000,BEL
1,BRECHT,2980,BEL
1,BRAY,7130,BEL
1,BRAS,6800,BEL
1,BRAKEL,9660,BEL
1,BOUSVAL,1470,BEL
1,BORNEM,2880,BEL
1,BON-SECOURS,7603,BEL
1,BOMBAYE,4607,BEL
1,BOMAL-SUR-OURTHE,6941,BEL
1,BOIS-DE-LESSINES,7866,BEL
1,BOCHOLT,3950,BEL
1,BLICQUY,7903,BEL
1,BISSEGEM,8501,BEL
1,BIERSET,4460,BEL
1,BEYNE-HEUSAY,4610,BEL
1,BETEKOM,3130,BEL
1,BERLARE,9290,BEL
1,BEN-AHIN,4500,BEL
1,BELLEGEM,8510,BEL
1,BEKEGEM,8480,BEL
1,BEHO,6672,BEL
1,BEERT,1673,BEL
1,BAUDOUR,7331,BEL
1,BATTICE,4651,BEL
1,BARBENÇON,6500,BEL
1,BANDE,6951,BEL
1,BAISY-THY,1470,BEL
1,BAELEN-SUR-VESDRE,4837,BEL
1,BAAL,3128,BEL
1,Antheit,4520,BEL
1,Amougies,7750,BEL
1,Achêne,5590,BEL
1,AYWAILLE,4920,BEL
1,AWIRS,4400,BEL
1,AWANS,4340,BEL
1,AUTELBAS,6700,BEL
1,ATHUS,6791,BEL
1,ATH,7800,BEL
1,ANVAING,7910,BEL
1,ANDRIMONT,4821,BEL
1,AMBLY,6953,BEL
1,AMBERLOUP,6680,BEL
1,AGIMONT,5544,BEL
1,AFSNEE,9031,BEL
1,ACHET,5362,BEL
1,ACHENE,5590,BEL
1,AARTRIJKE,8211,BEL
1,'s Gravenwezel,2970,BEL
